{"cameraMode":{"drawMode":0,"name":"Shaded","section":"Shading Mode"},"sceneLighting":true,"audioPlay":false,"sceneViewState":{"m_AlwaysRefresh":false,"showFog":true,"showSkybox":true,"showFlares":true,"showImageEffects":true,"showParticleSystems":true,"showVisualEffectGraphs":true,"m_FxEnabled":true},"in2DMode":false,"pivot":{"x":-0.5540528297424316,"y":13.170000076293946,"z":0.8409090042114258},"rotation":{"x":0.5958981513977051,"y":0.006000145338475704,"z":-0.004500289913266897,"w":0.8030390739440918},"size":12.12435531616211,"orthographic":true}